{
  "feature_order": [
    "Pregnancies",
    "Glucose",
    "BloodPressure",
    "SkinThickness",
    "Insulin",
    "BMI",
    "DiabetesPedigreeFunction",
    "Age"
  ],
  "best_model_name": "rf",
  "model_names": {
    "lr": "Logistic Regression",
    "knn": "K-Nearest Neighbors",
    "dt": "Decision Tree",
    "rf": "Random Forest"
  },
  "models": {
    "lr": {
      "confusion_matrix": {
        "TN": 82,
        "FP": 18,
        "FN": 27,
        "TP": 27
      },
      "accuracy": 0.7077922077922078,
      "precision": 0.6,
      "recall": 0.5,
      "f1_score": 0.5454545454545454
    },
    "knn": {
      "confusion_matrix": {
        "TN": 82,
        "FP": 18,
        "FN": 23,
        "TP": 31
      },
      "accuracy": 0.7337662337662337,
      "precision": 0.6326530612244898,
      "recall": 0.5740740740740741,
      "f1_score": 0.6019417475728155
    },
    "dt": {
      "confusion_matrix": {
        "TN": 79,
        "FP": 21,
        "FN": 28,
        "TP": 26
      },
      "accuracy": 0.6818181818181818,
      "precision": 0.5531914893617021,
      "recall": 0.48148148148148145,
      "f1_score": 0.5148514851485149
    },
    "rf": {
      "confusion_matrix": {
        "TN": 84,
        "FP": 16,
        "FN": 24,
        "TP": 30
      },
      "accuracy": 0.7402597402597403,
      "precision": 0.6521739130434783,
      "recall": 0.5555555555555556,
      "f1_score": 0.6
    }
  }
}